What is the preferred programming language?,What are the preferred  Front-end frameworks and libraries?,What are the preferred  Back-end frameworks and libraries?,What is the preferred IDE and code editor?
python,angular,spring,intellij
python,react,laravel,vscode
python,react,spring,vscode
python,react,laravel,vscode
python,angular,laravel,vscode
java,angular,node,intellij
java,react,spring,vscode
python,react,node,vscode
java,angular,spring,intellij
java,angular,spring,vscode
javascript,react,nest,vscode
java,vue,spring,vscode
java,react,spring,vscode
java,angular,spring,eclipse
python,react,spring,webstorm
java,angular,node,intellij
java,react,spring,intellij
python,react,spring,vscode
java,angular,spring,intellij
java,react,spring,intellij
python,streamlit,streamlit,spyder
python,angular,spring,vscode
python,react,django,vscode
python,react,laravel,vscode
python,angular,laravel,vscode
python,angular,spring,intellij
